Credit_Score,mean,median,count
GOOD,5389.246647164293,3820.019166666667,15070
POOR,3375.3116741854737,2671.431666666667,24641
STANDARD,4242.0370512062,3101.080413995829,45287
